p_0,alpha,d2,q_pereg,pist_omega,Cq,V_max,p_max,shtraf,fit
55000000.0,16.5,12.5,25.5,85.0,14.0,130.7470380756521,159355760.73729503,0,130.7470380756521
55000000.0,16.5,12.5,25.5,85.0,14.0,130.7470380756521,159355760.73729503,0,130.7470380756521
55000001.34110451,16.5,12.5,25.5,85.0,14.0,130.74704120298645,159358412.60662434,0,130.74704120298645
55000000.0,16.500000402331352,12.5,25.5,85.0,14.0,130.74703817897446,159355776.35800713,0,130.74703817897446
55000000.0,16.5,12.500000223517418,25.5,85.0,14.0,130.74703806303663,159355768.9737654,0,130.74703806303663
55000000.0,16.5,12.5,25.5000007301569,85.0,14.0,130.74703815678095,159355764.51537532,0,130.74703815678095
55000000.0,16.5,12.5,25.5,85.00000193715096,14.0,130.7470330008638,159354613.7759975,0,130.7470330008638
99999999.3974356,29.999999994432997,5.000000000166362,49.99999999223385,20.000001416092346,14.0,693.3209619908644,5352251533.139663,18409.00613255865,-17715.685170567787
59499999.93974356,17.8499999994433,11.750000000016636,27.949999999223387,78.50000014160923,14.0,159.98330575548883,226433204.38634256,0,159.98330575548883
59499999.93974356,17.8499999994433,11.750000000016636,27.949999999223387,78.50000014160923,14.0,159.98330575548883,226433204.38634256,0,159.98330575548883
59500001.28084807,17.8499999994433,11.750000000016636,27.949999999223387,78.50000014160923,14.0,159.98330839581726,226433315.9858326,0,159.98330839581726
59499999.93974356,17.85000040177465,11.750000000016636,27.949999999223387,78.50000014160923,14.0,159.98330577975568,226433210.59390724,0,159.98330577975568
59499999.93974356,17.8499999994433,11.750000223534053,27.949999999223387,78.50000014160923,14.0,159.98330584711235,226433204.3950317,0,159.98330584711235
59499999.93974356,17.8499999994433,11.750000000016636,27.950000729380285,78.50000014160923,14.0,159.98330588123974,226433205.15783814,0,159.98330588123974
59499999.93974356,17.8499999994433,11.750000000016636,27.949999999223387,78.50000207876019,14.0,159.98329963100485,226433155.17011222,0,159.98329963100485
100000000.0,30.0,19.98313614293382,50.0,20.0,14.0,730.5068428704624,976438796.0052661,905.755184021064,-175.24834115060162
68581594.01736586,20.574478218801307,13.59617284753592,32.89442343430218,65.38214201725106,14.0,255.16722322869194,399331103.1237381,0,255.16722322869194
68581594.01736586,20.574478218801307,13.59617284753592,32.89442343430218,65.38214201725106,14.0,255.16722322869194,399331103.1237381,0,255.16722322869194
68581595.35847037,20.574478218801307,13.59617284753592,32.89442343430218,65.38214201725106,14.0,255.16722933696516,399333107.4781094,0,255.16722933696516
68581594.01736586,20.57447862113266,13.59617284753592,32.89442343430218,65.38214201725106,14.0,255.16722320175046,399331116.22246665,0,255.16722320175046
68581594.01736586,20.574478218801307,13.596173071053338,32.89442343430218,65.38214201725106,14.0,255.1672234066033,399331108.072953,0,255.1672234066033
68581594.01736586,20.574478218801307,13.59617284753592,32.89442416445908,65.38214201725106,14.0,255.16722343367422,399331099.13916993,0,255.16722343367422
68581594.01736586,20.574478218801307,13.59617284753592,32.89442343430218,65.38214395440201,14.0,255.16721085037105,399330284.17616457,0,255.16721085037105
100000000.0,3.0,20.0,50.0,20.0,14.0,729.600086887353,618750356.7660306,0,729.600086887353
100000000.0,3.0,20.0,50.0,20.0,14.0,729.600086887353,618750356.7660306,0,729.600086887353
100000001.3411045,3.0,20.0,50.0,20.0,14.0,729.6000919095026,618750361.7864674,0,729.6000919095026
100000000.0,3.0000004023313522,20.0,50.0,20.0,14.0,729.6000874282659,618750361.0971088,0,729.6000874282659
100000000.0,3.0,20.000000223517418,50.0,20.0,14.0,729.600083282124,618750311.8489891,0,729.600083282124
100000000.0,3.0,20.0,50.0000007301569,20.0,14.0,729.6000864066975,618750356.1997178,0,729.6000864066975
100000000.0,3.0,20.0,50.0,20.000001937150955,14.0,729.6000813604977,618750353.3771813,0,729.6000813604977
99999999.05676806,29.999999874115865,5.0000002136332515,50.0,20.00000090470437,14.0,693.3209647160496,5352250229.281427,18409.000917125708,-17715.679952409657
99999999.90567681,5.699999987411587,18.500000021363327,50.0,20.000000090470436,14.0,751.8131882755708,968180757.9849327,872.7230319397304,-120.90984366415955
99999999.99056768,3.2699999987411585,19.850000002136333,50.0,20.000000009047042,14.0,732.3198337670086,652599553.5240088,0,732.3198337670086
99999999.99056768,3.2699999987411585,19.850000002136333,50.0,20.000000009047042,14.0,732.3198337670086,652599553.5240088,0,732.3198337670086
100000001.33167219,3.2699999987411585,19.850000002136333,50.0,20.000000009047042,14.0,732.3198386216591,652599548.8594323,0,732.3198386216591
99999999.99056768,3.2700004010725108,19.850000002136333,50.0,20.000000009047042,14.0,732.3198341740843,652599561.4961231,0,732.3198341740843
99999999.99056768,3.2699999987411585,19.85000022565375,50.0,20.000000009047042,14.0,732.3198302130249,652599509.9649254,0,732.3198302130249
99999999.99056768,3.2699999987411585,19.850000002136333,50.0000007301569,20.000000009047042,14.0,732.3198333564544,652599554.7736175,0,732.3198333564544
99999999.99056768,3.2699999987411585,19.850000002136333,50.0,20.000001946197997,14.0,732.3198260334244,652599442.3666337,0,732.3198260334244
100000000.0,3.0,5.000167042127987,50.0,20.00011351081172,14.0,787.9460175963352,1755284422.656508,4021.137690626031,-3233.191673029696
99999999.99151093,3.242999998867043,18.3650167061355,50.0,20.00001135922351,14.0,751.6126701722762,927814165.5973264,711.2566623893053,40.35600778297089
99999999.99066201,3.267299998753747,19.70150167253625,50.0,20.00000114406469,14.0,734.6351899048244,682061559.9501406,0,734.6351899048244
99999999.99066201,3.267299998753747,19.70150167253625,50.0,20.00000114406469,14.0,734.6351899048244,682061559.9501406,0,734.6351899048244
100000001.33176652,3.267299998753747,19.70150167253625,50.0,20.00000114406469,14.0,734.6351947424091,682061553.9810017,0,734.6351947424091
99999999.99066201,3.2673004010850994,19.70150167253625,50.0,20.00000114406469,14.0,734.6351903805263,682061563.8696158,0,734.6351903805263
99999999.99066201,3.267299998753747,19.701501896053667,50.0,20.00000114406469,14.0,734.6351864765578,682061514.1505946,0,734.6351864765578
99999999.99066201,3.267299998753747,19.70150167253625,50.0000007301569,20.00000114406469,14.0,734.6351895153921,682061561.6267066,0,734.6351895153921
99999999.99066201,3.267299998753747,19.70150167253625,50.0,20.000003081215645,14.0,734.6351819872135,682061437.3090492,0,734.6351819872135
100000000.0,29.999724715723595,7.523892360939453,50.0,20.000108935240828,14.0,715.0200922790024,5440748292.302196,18762.99316920878,-18047.97307692978
99999999.99159582,5.9405424704507315,18.48374074137657,50.0,20.000011923182303,14.0,751.9491108446241,983424520.2525287,933.6980810101145,-181.7489701654904
99999999.99075538,3.5346242459234456,19.57972557942028,50.0,20.00000222197645,14.0,736.7630206128086,710817422.4413563,0,736.7630206128086
99999999.99075538,3.5346242459234456,19.57972557942028,50.0,20.00000222197645,14.0,736.7630206128086,710817422.4413563,0,736.7630206128086
100000001.3318599,3.5346242459234456,19.57972557942028,50.0,20.00000222197645,14.0,736.7630255663984,710817422.2779584,0,736.7630255663984
99999999.99075538,3.534624648254798,19.57972557942028,50.0,20.00000222197645,14.0,736.7630209539915,710817430.6185552,0,736.7630209539915
99999999.99075538,3.5346242459234456,19.5797258029377,50.0,20.00000222197645,14.0,736.7630172252962,710817378.4575386,0,736.7630172252962
99999999.99075538,3.5346242459234456,19.57972557942028,50.0000007301569,20.00000222197645,14.0,736.7630202393112,710817423.3313175,0,736.7630202393112
99999999.99075538,3.5346242459234456,19.57972557942028,50.0,20.000004159127407,14.0,736.7630134930426,710817445.1767057,0,736.7630134930426
99999993.39142042,12.061539042522817,5.000003900887856,1.0,34.00942486368225,14.0,710.2705990641662,2893963225.1944613,8575.852900777845,-7865.582301713679
99999999.33082189,4.387315725583383,18.121753411567042,45.1,21.400944486147033,14.0,751.9978843140351,948324147.7520583,793.296591008233,-41.298706694197904
99999999.92476204,3.6198933938894395,19.43392836263496,49.51,20.14009644839351,14.0,738.7451399630671,736672937.5030618,0,738.7451399630671
99999999.92476204,3.6198933938894395,19.43392836263496,49.51,20.14009644839351,14.0,738.7451399630671,736672937.5030618,0,738.7451399630671
100000001.26586653,3.6198933938894395,19.43392836263496,49.51,20.14009644839351,14.0,738.745144916667,736672935.8323551,0,738.745144916667
99999999.92476204,3.6198937962207918,19.43392836263496,49.51,20.14009644839351,14.0,738.7451402546487,736672945.7094736,0,738.7451402546487
99999999.92476204,3.6198933938894395,19.433928586152376,49.51,20.14009644839351,14.0,738.7451366831878,736672893.6890602,0,738.7451366831878
99999999.92476204,3.6198933938894395,19.43392836263496,49.5100007301569,20.14009644839351,14.0,738.7451396366915,736672939.1901245,0,738.7451396366915
99999999.92476204,3.6198933938894395,19.43392836263496,49.51,20.140098385544466,14.0,738.7451322367051,736672846.5374144,0,738.7451322367051
100000000.0,3.0000000414847645,9.704141005368669,50.0,20.0,14.0,781.3846842792875,871785237.9176807,487.14095167072264,294.24373260856487
99999999.93390238,3.5445851351638913,18.251897065149393,49.56952805693491,20.12307671501321,14.0,753.4163194425954,970514190.0778661,882.0567603114641,-128.64044086886872
99999999.92567608,3.6123625680168847,19.3157252328864,49.515952805693495,20.13839447505548,14.0,740.4512459315081,759890474.7694769,39.56189907790758,700.8893468536005
99999999.92485344,3.619140311302184,19.422108049660103,49.51059528056935,20.139926251059705,14.0,738.9181010916101,738966743.775658,0,738.9181010916101
99999999.92485344,3.619140311302184,19.422108049660103,49.51059528056935,20.139926251059705,14.0,738.9181010916101,738966743.775658,0,738.9181010916101
100000001.26595794,3.619140311302184,19.422108049660103,49.51059528056935,20.139926251059705,14.0,738.9181060857703,738966743.3436439,0,738.9181060857703
99999999.92485344,3.619140713633536,19.422108049660103,49.51059528056935,20.139926251059705,14.0,738.9181013871399,738966752.7640258,0,738.9181013871399
99999999.92485344,3.619140311302184,19.42210827317752,49.51059528056935,20.139926251059705,14.0,738.9180978211427,738966700.3431549,0,738.9180978211427
99999999.92485344,3.619140311302184,19.422108049660103,49.510596010726246,20.139926251059705,14.0,738.9181007593404,738966745.2470435,0,738.9181007593404
99999999.92485344,3.619140311302184,19.422108049660103,49.51059528056935,20.13992818821066,14.0,738.9180938204901,738966651.4202137,0,738.9180938204901
99999872.60421757,3.7360275111553607,5.000241931419879,1.0,21.02276162158823,14.0,778.8971363515803,1584498623.119298,3337.9944924771917,-2559.0973561256114
99999987.19278985,3.630829031287502,17.979921437836076,44.65953575251241,20.228209788112558,14.0,756.8697404890403,970508855.3487425,882.03542139497,-125.16568090592966
99999998.65164708,3.6203091833007157,19.2778893884777,49.02548932776366,20.148754604764992,14.0,741.1846124778584,766854710.3784554,67.41884151382146,673.765770964037
99999999.79753281,3.619257198502037,19.407686183541863,49.46208468528878,20.140809086430234,14.0,739.1482580832491,741691043.3074639,0,739.1482580832491
99999999.79753281,3.619257198502037,19.407686183541863,49.46208468528878,20.140809086430234,14.0,739.1482580832491,741691043.3074639,0,739.1482580832491
100000001.1386373,3.619257198502037,19.407686183541863,49.46208468528878,20.140809086430234,14.0,739.1482631103318,741691043.9652472,0,739.1482631103318
99999999.79753281,3.6192576008333894,19.407686183541863,49.46208468528878,20.140809086430234,14.0,739.1482583827645,741691051.8433735,0,739.1482583827645
99999999.79753281,3.619257198502037,19.40768640705928,49.46208468528878,20.140809086430234,14.0,739.1482548265766,741690999.6714089,0,739.1482548265766
99999999.79753281,3.619257198502037,19.407686183541863,49.46208541544568,20.140809086430234,14.0,739.1482577384626,741691044.391106,0,739.1482577384626
99999999.79753281,3.619257198502037,19.407686183541863,49.46208468528878,20.14081102358119,14.0,739.1482512201756,741690975.3907356,0,739.1482512201756
100000000.0,4.048611982651306,13.015857676700294,30.34821015368254,20.61109883275364,14.0,773.1479767635224,1184876488.9897923,1739.5059559591691,-966.3579791956467
99999999.81777953,3.662192676916964,18.768503332857705,47.55069723212816,20.187838061062575,14.0,748.4096406299616,872893484.0741805,491.57393629672197,256.8357043332396
99999999.79955748,3.62355074634353,19.343767898473445,49.27094593997271,20.14551198389347,14.0,740.1424161335011,753983161.2380005,15.932644952001738,724.2097711814994
99999999.79773527,3.6196865532861864,19.40129435503502,49.442970810757174,20.14127937617656,14.0,739.2489522400635,742907910.394885,0,739.2489522400635
99999999.79773527,3.6196865532861864,19.40129435503502,49.442970810757174,20.14127937617656,14.0,739.2489522400635,742907910.394885,0,739.2489522400635
100000001.13883978,3.6196865532861864,19.40129435503502,49.442970810757174,20.14127937617656,14.0,739.2489572773892,742907912.0715691,0,739.2489572773892
99999999.79773527,3.6196869556175386,19.40129435503502,49.442970810757174,20.14127937617656,14.0,739.2489525410405,742907919.0492697,0,739.2489525410405
99999999.79773527,3.6196865532861864,19.401294578552438,49.442970810757174,20.14127937617656,14.0,739.2489489893755,742907866.8316171,0,739.2489489893755
99999999.79773527,3.6196865532861864,19.40129435503502,49.44297154091407,20.14127937617656,14.0,739.2489518911041,742907911.2224448,0,739.2489518911041
99999999.79773527,3.6196865532861864,19.40129435503502,49.442970810757174,20.141281313327514,14.0,739.2489454808724,742907853.499159,0,739.2489454808724
99995434.00740023,8.767754758292527,5.0696758844981265,1.0,21.165853336011207,14.0,771.0350495264021,1579976868.4366581,3319.9074737466326,-2548.8724242202306
99999543.21870178,4.134493373786821,17.96813250798133,44.59867372968146,20.243736772160023,14.0,757.5202329761755,1003861595.797637,1015.4463831905477,-257.9261502143722
99999954.13983193,3.6711672353362497,19.25797817032965,48.958541102649605,20.151525115774906,14.0,741.5265307506685,771494418.8246036,85.97767529841394,655.5488554522545
99999995.23194493,3.6248346214911926,19.386962736564485,49.39452783994642,20.142303950136395,14.0,739.4731823681653,745726679.9780638,0,739.4731823681653
99999995.23194493,3.6248346214911926,19.386962736564485,49.39452783994642,20.142303950136395,14.0,739.4731823681653,745726679.9780638,0,739.4731823681653
99999996.57304944,3.6248346214911926,19.386962736564485,49.39452783994642,20.142303950136395,14.0,739.4731873984041,745726683.1822457,0,739.4731873984041
99999995.23194493,3.624835023822545,19.386962736564485,49.39452783994642,20.142303950136395,14.0,739.4731826692434,745726688.3300999,0,739.4731826692434
99999995.23194493,3.6248346214911926,19.386962960081902,49.39452783994642,20.142303950136395,14.0,739.4731791298312,745726636.2574223,0,739.4731791298312
99999995.23194493,3.6248346214911926,19.386962736564485,49.39452857010332,20.142303950136395,14.0,739.4731820145137,745726680.3549397,0,739.4731820145137
99999995.23194493,3.6248346214911926,19.386962736564485,49.39452783994642,20.14230588728735,14.0,739.4731756169002,745726626.0062488,0,739.4731756169002
99362075.35108793,3.0037293927065565,10.40948224034975,1.018596433111055,20.000246985983825,14.0,774.76230798909,665988712.4162759,0,774.76230798909
99362075.35108793,3.0037293927065565,10.40948224034975,1.018596433111055,20.000246985983825,14.0,774.76230798909,665988712.4162759,0,774.76230798909
99362076.69219244,3.0037293927065565,10.40948224034975,1.018596433111055,20.000246985983825,14.0,774.762313261104,665988570.2828839,0,774.762313261104
99362075.35108793,3.0037297950379087,10.40948224034975,1.018596433111055,20.000246985983825,14.0,774.7623071077361,665988757.8478032,0,774.7623071077361
99362075.35108793,3.0037293927065565,10.409482463867167,1.018596433111055,20.000246985983825,14.0,774.7623075311268,665988692.9250449,0,774.7623075311268
99362075.35108793,3.0037293927065565,10.40948224034975,1.0185971632679536,20.000246985983825,14.0,774.762308148548,665988769.2165997,0,774.762308148548
99362075.35108793,3.0037293927065565,10.40948224034975,1.018596433111055,20.00024892313478,14.0,774.7623036470445,665987101.489402,0,774.7623036470445
100000000.0,3.0,10.110737682545304,1.0,20.0,14.0,777.8565490971148,687724900.5727562,0,777.8565490971148
100000000.0,3.0,10.110737682545304,1.0,20.0,14.0,777.8565490971148,687724900.5727562,0,777.8565490971148
100000001.3411045,3.0,10.110737682545304,1.0,20.0,14.0,777.8565542361632,687724898.4751362,0,777.8565542361632
100000000.0,3.0000004023313522,10.110737682545304,1.0,20.0,14.0,777.8565482265932,687725005.6000211,0,777.8565482265932
100000000.0,3.0,10.110737906062722,1.0,20.0,14.0,777.856548662093,687724886.9722507,0,777.856548662093
100000000.0,3.0,10.110737682545304,1.0000007301568985,20.0,14.0,777.8565493183509,687724930.4210747,0,777.8565493183509
100000000.0,3.0,10.110737682545304,1.0,20.000001937150955,14.0,777.8565436721317,687724797.5073754,0,777.8565436721317
100000000.0,3.000345306305028,6.385345378177116,10.669891380183888,21.61127836178744,14.0,779.1700317251044,1412768386.7605007,2651.0735470420022,-1871.903515316898
100000000.0,3.000034530630503,9.738198452108485,1.9669891380183886,20.161127836178743,14.0,778.4117442745627,749154543.1342493,0,778.4117442745627
100000000.0,3.000034530630503,9.738198452108485,1.9669891380183886,20.161127836178743,14.0,778.4117442745627,749154543.1342493,0,778.4117442745627
100000001.3411045,3.000034530630503,9.738198452108485,1.9669891380183886,20.161127836178743,14.0,778.4117495264643,749154497.1416523,0,778.4117495264643
100000000.0,3.000034932961855,9.738198452108485,1.9669891380183886,20.161127836178743,14.0,778.4117431038463,749154615.446276,0,778.4117431038463
100000000.0,3.000034530630503,9.738198675625902,1.9669891380183886,20.161127836178743,14.0,778.4117438434058,749154523.5697203,0,778.4117438434058
100000000.0,3.000034530630503,9.738198452108485,1.966989868175287,20.161127836178743,14.0,778.411744404142,749154578.3626505,0,778.411744404142
100000000.0,3.000034530630503,9.738198452108485,1.9669891380183886,20.161129773329698,14.0,778.4117398044497,749153959.3165922,0,778.4117398044497
100000000.0,3.0007507072483297,5.004836922171798,9.682776196232956,21.927061494429246,14.0,779.2221867609514,1806840334.211691,4227.361336846763,-3448.1391500858117
100000000.0,3.0001061482922853,9.264862299114817,2.7385678438398458,20.337721202003795,14.0,778.9919550448308,815752771.2833242,263.011085133297,515.9808699115338
100000000.0,3.000041692396681,9.69086483680912,2.044147008600534,20.17878717276125,14.0,778.4749265255101,755625848.8756495,22.50339550259787,755.9715310229122
100000000.0,3.0000352468071205,9.733465090578548,1.9747049250766033,20.162893769836995,14.0,778.4180992983119,749857383.4437939,0,778.4180992983119
100000000.0,3.0000352468071205,9.733465090578548,1.9747049250766033,20.162893769836995,14.0,778.4180992983119,749857383.4437939,0,778.4180992983119
100000001.3411045,3.0000352468071205,9.733465090578548,1.9747049250766033,20.162893769836995,14.0,778.4181044692334,749857336.5489821,0,778.4181044692334
100000000.0,3.0000356491384728,9.733465090578548,1.9747049250766033,20.162893769836995,14.0,778.4180981014688,749857455.1611999,0,778.4180981014688
100000000.0,3.0000352468071205,9.733465314095966,1.9747049250766033,20.162893769836995,14.0,778.4180988645943,749857363.814113,0,778.4180988645943
100000000.0,3.0000352468071205,9.733465090578548,1.9747056552335018,20.162893769836995,14.0,778.4180994470404,749857418.6529099,0,778.4180994470404
100000000.0,3.0000352468071205,9.733465090578548,1.9747049250766033,20.16289570698795,14.0,778.4180939328884,749856789.4931523,0,778.4180939328884
100000000.0,3.0002401859257657,9.529306861987884,2.220214539018169,20.194501344780953,14.0,778.7746949923704,774443568.28814,97.77427315256,681.0004218398104
100000000.0,3.000055740718985,9.71304926771948,1.99925588647076,20.16605452733139,14.0,778.4543138684734,752219747.7560887,8.878991024354946,769.5753228441184
100000000.0,3.000037296198307,9.731423508292641,1.9771600212160187,20.163209845586433,14.0,778.4217176474854,750058055.1739613,0.23222069584517158,778.1894969516402
100000000.0,3.000035451746239,9.733260932349957,1.9749504346905447,20.162925377411938,14.0,778.4184577371933,749877573.7319757,0,778.4184577371933
100000000.0,3.000035451746239,9.733260932349957,1.9749504346905447,20.162925377411938,14.0,778.4184577371933,749877573.7319757,0,778.4184577371933
100000001.3411045,3.000035451746239,9.733260932349957,1.9749504346905447,20.162925377411938,14.0,778.4184629128293,749877526.6203487,0,778.4184629128293
100000000.0,3.0000358540775913,9.733260932349957,1.9749504346905447,20.162925377411938,14.0,778.4184565416502,749877645.5079015,0,778.4184565416502
100000000.0,3.000035451746239,9.733261155867375,1.9749504346905447,20.162925377411938,14.0,778.4184573036648,749877554.1088735,0,778.4184573036648
100000000.0,3.000035451746239,9.733260932349957,1.9749511648474432,20.162925377411938,14.0,778.418457885134,749877609.1177343,0,778.418457885134
100000000.0,3.000035451746239,9.733260932349957,1.9749504346905447,20.162927314562893,14.0,778.4184524134049,749876975.9959908,0,778.4184524134049
99999418.91113767,3.0,5.035196906117316,9.202266903758906,21.08494797865267,14.0,781.8193347315828,1786014759.9181292,4144.0590396725165,-3362.2397049409337
99999941.89111377,3.0000319065716154,9.263454529726694,2.6976820815973808,20.255127637536013,14.0,779.1994185633413,813432006.5091819,253.72802603672744,525.4713925266138
99999994.18911138,3.000035097228777,9.68628029208763,2.047223599381228,20.172145603424347,14.0,778.499963363074,755948260.468916,23.79304187566413,754.7069214874099
99999999.41891113,3.000035416294493,9.728562868323724,1.982177751159613,20.16384740001318,14.0,778.42663109836,750468701.8274472,1.8748073097885936,776.5518237885714
99999999.94189112,3.0000354482010647,9.732791125947333,1.9756731663374516,20.16301757967206,14.0,778.4192597854284,749925591.6950129,0,778.4192597854284
99999999.94189112,3.0000354482010647,9.732791125947333,1.9756731663374516,20.16301757967206,14.0,778.4192597854284,749925591.6950129,0,778.4192597854284
100000001.28299563,3.0000354482010647,9.732791125947333,1.9756731663374516,20.16301757967206,14.0,778.4192649392397,749925545.42176,0,778.4192649392397
99999999.94189112,3.000035850532417,9.732791125947333,1.9756731663374516,20.16301757967206,14.0,778.4192585848056,749925663.6400362,0,778.4192585848056
99999999.94189112,3.0000354482010647,9.732791349464751,1.9756731663374516,20.16301757967206,14.0,778.4192593514424,749925572.0806161,0,778.4192593514424
99999999.94189112,3.0000354482010647,9.732791125947333,1.97567389649435,20.16301757967206,14.0,778.4192599385999,749925626.8928196,0,778.4192599385999
99999999.94189112,3.0000354482010647,9.732791125947333,1.9756731663374516,20.163019516823017,14.0,778.4192542291489,749925002.3835422,0,778.4192542291489
100000000.0,3.0000134775880967,9.519351218232742,2.867685285647954,20.22656324895165,14.0,778.8064185826086,794076975.8763804,176.3079035055216,602.498515077087
99999999.947702,3.000033251139768,9.711447135175874,2.0648743782685015,20.169372146600022,14.0,778.4611122430075,754388628.4581486,17.55451383259424,760.9065984104133
99999999.9424722,3.000035228494935,9.730656726870189,1.9845932875305565,20.16365303636486,14.0,778.4234833369205,750347358.0537573,1.3894322150290463,777.0340511218915
99999999.94194922,3.000035426230452,9.732577686039619,1.976565178456762,20.163081125341343,14.0,778.4196831077682,749967150.9890723,0,778.4196831077682
99999999.94194922,3.000035426230452,9.732577686039619,1.976565178456762,20.163081125341343,14.0,778.4196831077682,749967150.9890723,0,778.4196831077682
100000001.28305374,3.000035426230452,9.732577686039619,1.976565178456762,20.163081125341343,14.0,778.4196883935492,749967105.0920746,0,778.4196883935492
99999999.94194922,3.000035828561804,9.732577686039619,1.976565178456762,20.163081125341343,14.0,778.4196819410188,749967222.9792032,0,778.4196819410188
99999999.94194922,3.000035426230452,9.732577909557037,1.976565178456762,20.163081125341343,14.0,778.4196826775386,749967131.3802686,0,778.4196826775386
99999999.94194922,3.000035426230452,9.732577686039619,1.9765659086136604,20.163081125341343,14.0,778.419683227622,749967186.1214355,0,778.419683227622
99999999.94194922,3.000035426230452,9.732577686039619,1.976565178456762,20.163083062492298,14.0,778.419678974164,749966567.1758968,0,778.419678974164
100000000.0,3.0016256516893973,5.0,20.623963494793664,21.520943933282293,14.0,778.8183415519566,1818887208.961553,4275.548835846212,-3496.730494294255
99999999.94775431,3.0001944487763463,9.259319917435658,3.841305010090452,20.298867406135436,14.0,779.2046493481948,843274693.4579631,373.0987738318522,406.1058755163426
99999999.94252974,3.000051328485041,9.685251909179224,2.163039161620131,20.17665975342075,14.0,778.510826854781,759525528.7787795,38.10211511511807,740.408711739663
99999999.94200727,3.0000370164559107,9.72784510835358,1.995212576773099,20.164438988149282,14.0,778.4289594206457,750921915.1296823,3.6876605187289897,774.7412989019167
99999999.94195503,3.0000355852529976,9.732104428271015,1.9784299182883958,20.163216911622136,14.0,778.4206133155203,750056808.214958,0.22723285983147434,778.1933804556888
99999999.9419498,3.0000354421327065,9.732530360262759,1.9767516524399253,20.16309470396942,14.0,778.4197764382676,749975923.3368354,0,778.4197764382676
99999999.9419498,3.0000354421327065,9.732530360262759,1.9767516524399253,20.16309470396942,14.0,778.4197764382676,749975923.3368354,0,778.4197764382676
100000001.2830543,3.0000354421327065,9.732530360262759,1.9767516524399253,20.16309470396942,14.0,778.4197817234325,749975876.8169177,0,778.4197817234325
99999999.9419498,3.0000358444640587,9.732530360262759,1.9767516524399253,20.16309470396942,14.0,778.419775270853,749975995.3616319,0,778.419775270853
99999999.9419498,3.0000354421327065,9.732530583780177,1.9767516524399253,20.16309470396942,14.0,778.41977600797,749975903.7284684,0,778.41977600797
99999999.9419498,3.0000354421327065,9.732530360262759,1.9767523825968238,20.16309470396942,14.0,778.4197765581081,749975958.5601623,0,778.4197765581081
99999999.9419498,3.0000354421327065,9.732530360262759,1.9767516524399253,20.163096641120376,14.0,778.419772299406,749975332.3195966,0,778.419772299406
100000000.0,3.0000215341728658,9.068418814944103,3.1509979331128006,20.263870993613672,14.0,779.5928708274704,845981652.3049836,383.9266092199341,395.6662616075363
99999999.94775482,3.0000340513367223,9.666119205730894,2.094176280507213,20.173172332933845,14.0,778.5444256346484,758930599.5173107,35.7223980692429,742.8220275654055
99999999.9425303,3.000035303053108,9.725889244809572,1.9884941152466542,20.164102466865863,14.0,778.4323333885459,750823441.951783,3.293767807131644,775.1385655814142
99999999.94200785,3.0000354282247463,9.73186624871744,1.9779258987205983,20.163195480259066,14.0,778.4210338199165,750060199.3867512,0.24079754700460398,778.1802362729119
99999999.94195561,3.00003544074191,9.732463949108228,1.9768690770679926,20.163104781598385,14.0,778.4199029819663,749984039.6125073,0,778.4199029819663
99999999.94195561,3.00003544074191,9.732463949108228,1.9768690770679926,20.163104781598385,14.0,778.4199029819663,749984039.6125073,0,778.4199029819663
100000001.28306012,3.00003544074191,9.732463949108228,1.9768690770679926,20.163104781598385,14.0,778.4199082656501,749983993.068158,0,778.4199082656501
99999999.94195561,3.0000358430732623,9.732463949108228,1.9768690770679926,20.163104781598385,14.0,778.4199018139338,749984111.65366,0,778.4199018139338
99999999.94195561,3.00003544074191,9.732464172625646,1.9768690770679926,20.163104781598385,14.0,778.4199025515993,749984020.0066664,0,778.4199025515993
99999999.94195561,3.00003544074191,9.732463949108228,1.9768698072248911,20.163104781598385,14.0,778.4199031021768,749984074.8638792,0,778.4199031021768
99999999.94195561,3.00003544074191,9.732463949108228,1.9768690770679926,20.16310671874934,14.0,778.4198988234384,749983449.4402701,0,778.4198988234384
99999383.55808671,3.0,9.205096144491314,2.5433056888969032,20.220004502507244,14.0,779.3626727643828,813264301.8303238,253.0572073212952,526.3054654430875
99999938.30356872,3.000031896667719,9.679727168646536,2.0335127382508835,20.168794753689273,14.0,778.5177535050741,755986003.7585354,23.944015034141557,754.5737384709325
99999993.77811693,3.000035086334491,9.727190271062058,1.9825334431862818,20.163673778807475,14.0,778.4297397125836,750547700.6224595,2.1908024898380063,776.2389372227456
99999999.32557175,3.000035405301168,9.73193658130361,1.9774355136798216,20.163161681319295,14.0,778.4208875814442,750040352.426053,0.16140970421201928,778.2594778772321
99999999.88031723,3.000035437197836,9.732411212327765,1.9769257207291755,20.163110471570477,14.0,778.4200014242269,749989668.0560771,0,778.4200014242269
99999999.88031723,3.000035437197836,9.732411212327765,1.9769257207291755,20.163110471570477,14.0,778.4200014242269,749989668.0560771,0,778.4200014242269
100000001.22142172,3.000035437197836,9.732411212327765,1.9769257207291755,20.163110471570477,14.0,778.4200067055248,749989621.6445147,0,778.4200067055248
99999999.88031723,3.0000358395291884,9.732411212327765,1.9769257207291755,20.163110471570477,14.0,778.4200002559626,749989740.0974855,0,778.4200002559626
99999999.88031723,3.000035437197836,9.732411435845183,1.9769257207291755,20.163110471570477,14.0,778.4200009938611,749989648.4455948,0,778.4200009938611
99999999.88031723,3.000035437197836,9.732411212327765,1.976926450886074,20.163110471570477,14.0,778.4200015449381,749989703.304922,0,778.4200015449381
99999999.88031723,3.000035437197836,9.732411212327765,1.9769257207291755,20.16311240872143,14.0,778.4199972443066,749989076.7535584,0,778.4199972443066
100000000.0,3.0000224872562464,9.506394962996428,2.244878993464857,20.188567311682952,14.0,778.8366784803525,776901744.626122,107.60697850448787,671.2296999758646
99999999.8922855,3.000034142203677,9.70980958739463,2.0037210480027436,20.165656155581726,14.0,778.4623343102519,752614952.7088741,10.459810835496228,768.0025234747557
99999999.88151406,3.00003530769842,9.730151049834452,1.9796052534565325,20.163365039971602,14.0,778.4242500656674,750239229.7007837,0.956918803134613,777.4673312625328
99999999.88043691,3.0000354242478946,9.732185196078435,1.9771936740019114,20.16313592841059,14.0,778.4204261281325,750014653.9153609,0.05861566144358221,778.3618104666889
99999999.88032919,3.000035435902842,9.732388610702833,1.9769525160564492,20.16311301725449,14.0,778.4200438943925,749992168.8833148,0,778.4200438943925
99999999.88032919,3.000035435902842,9.732388610702833,1.9769525160564492,20.16311301725449,14.0,778.4200438943925,749992168.8833148,0,778.4200438943925
100000001.22143371,3.000035435902842,9.732388610702833,1.9769525160564492,20.16311301725449,14.0,778.420049175732,749992122.0206264,0,778.420049175732
99999999.88032919,3.000035838234194,9.732388610702833,1.9769525160564492,20.16311301725449,14.0,778.4200427260472,749992240.9255128,0,778.4200427260472
99999999.88032919,3.000035435902842,9.73238883422025,1.9769525160564492,20.16311301725449,14.0,778.4200434640044,749992149.2713348,0,778.4200434640044
99999999.88032919,3.000035435902842,9.732388610702833,1.9769532462133477,20.16311301725449,14.0,778.420044015235,749992204.1848618,0,778.420044015235
99999999.88032919,3.000035435902842,9.732388610702833,1.9769525160564492,20.163114954405444,14.0,778.4200397129367,749991575.1737576,0,778.4200397129367
100000000.0,3.0004281917298554,7.441195032281857,5.644562314597977,20.479456702127933,14.0,781.7312340223998,1135165017.7559152,1540.6600710236607,-758.928837001261
99999999.89229627,3.000074711485543,9.503269252860736,2.3437134959106016,20.194747385741834,14.0,778.8444183813119,780339766.0955225,121.35906438208985,657.4853539992221
99999999.8815259,3.000039363461112,9.709476674918623,2.013628614041864,20.166276454103222,14.0,778.4632617408841,752933967.4699457,11.735869879782513,766.7273918611016
99999999.88044888,3.000035828658669,9.730097417124412,1.9806201258549907,20.16342936093936,14.0,778.4243791804182,750274415.5159559,1.0976620638234635,777.3267171165948
99999999.88034117,3.0000354751784246,9.73215949134499,1.9773192770363033,20.163144651622975,14.0,778.4204776362413,750020308.5466465,0.08123418658578885,778.3392434496556
99999999.8803304,3.0000354398304,9.732365698767047,1.9769891921544345,20.163116180691336,14.0,778.4200872520827,749994983.7431667,0,778.4200872520827
99999999.8803304,3.0000354398304,9.732365698767047,1.9769891921544345,20.163116180691336,14.0,778.4200872520827,749994983.7431667,0,778.4200872520827
100000001.2214349,3.0000354398304,9.732365698767047,1.9769891921544345,20.163116180691336,14.0,778.4200925331921,749994936.8095778,0,778.4200925331921
99999999.8803304,3.0000358421617523,9.732365698767047,1.9769891921544345,20.163116180691336,14.0,778.420086083643,749995055.795439,0,778.420086083643
99999999.8803304,3.0000354398304,9.732365922284465,1.9769891921544345,20.163116180691336,14.0,778.4200868217163,749994964.1394855,0,778.4200868217163
99999999.8803304,3.0000354398304,9.732365698767047,1.976989922311333,20.163116180691336,14.0,778.4200873730007,749995019.0530113,0,778.4200873730007
99999999.8803304,3.0000354398304,9.732365698767047,1.9769891921544345,20.16311811784229,14.0,778.4200830675351,749994390.0761137,0,778.4200830675351
99999723.73495449,3.0,9.444459291331817,2.4585895904398374,20.20401654386251,14.0,778.9502231519183,789021545.1145676,156.08618045827052,622.8640426936478
99999972.2657928,3.00003189584736,9.703575058023524,2.025149231982975,20.167206217008456,14.0,778.4743956741373,753792152.435845,15.168609743379875,763.3057859307575
99999997.11887664,3.000035085432096,9.729486634692694,1.9818051961372884,20.16352518432305,14.0,778.4255359248097,750355646.3374251,1.4225853497005119,777.0029505751091
99999999.60418501,3.00003540439057,9.732077792359613,1.9774707925527197,20.163157081054507,14.0,778.4206320241838,750031249.7922633,0.12499916905289865,778.2956328551309
99999999.85271585,3.0000354362864172,9.732336908126305,1.9770373521942632,20.163120270727653,14.0,778.4201417453733,749998585.2547402,0,778.4201417453733
99999999.85271585,3.0000354362864172,9.732336908126305,1.9770373521942632,20.163120270727653,14.0,778.4201417453733,749998585.2547402,0,778.4201417453733
100000001.19382036,3.0000354362864172,9.732336908126305,1.9770373521942632,20.163120270727653,14.0,778.4201470258623,749998538.4872208,0,778.4201470258623
99999999.85271585,3.0000358386177695,9.732336908126305,1.9770373521942632,20.163120270727653,14.0,778.4201405767565,749998657.3074131,0,778.4201405767565
99999999.85271585,3.0000354362864172,9.732337131643723,1.9770373521942632,20.163120270727653,14.0,778.4201413149523,749998565.6517174,0,778.4201413149523
99999999.85271585,3.0000354362864172,9.732336908126305,1.9770380823511617,20.163120270727653,14.0,778.4201418662775,749998620.5688281,0,778.4201418662775
99999999.85271585,3.0000354362864172,9.732336908126305,1.9770373521942632,20.163122207878608,14.0,778.4201375570939,749997991.7764869,0,778.4201375570939
100000000.0,3.765247486315174,5.000010685199384,6.632079997989187,20.550603296963917,14.0,779.1086465236708,1795908384.703207,4183.633538812828,-3404.5248922891574
99999999.86744428,3.076556641289293,9.259104285833612,2.442541616773756,20.20186857335128,14.0,779.0347036794972,821389615.6922196,285.55846276887814,493.476240910619
99999999.8541887,3.0076875567867045,9.685013645897037,2.023587778652212,20.166995100990018,14.0,778.4876589526815,756945685.9718707,27.78274388748241,750.7049150651991
99999999.85286313,3.0008006483364458,9.727604581903378,1.9816923948400582,20.16350775375389,14.0,778.4269592046614,750658170.2352134,2.6326809408533336,775.7942782638081
99999999.85273059,3.00011195749142,9.731863675504012,1.9775028564588426,20.163159019030278,14.0,778.4208246889813,750064697.4182131,0.25878967285234467,778.1620350161289
99999999.85271733,3.0000430884069176,9.732289584864077,1.977083902620721,20.163124145557916,14.0,778.4202099944929,750005171.3277339,0.020685310935277812,778.3995246835576
99999999.852716,3.000036201498467,9.732332175800082,1.9770420072369088,20.16312065821068,14.0,778.4201485700306,749999243.8566868,0,778.4201485700306
